Macaca	arctoides 
Macaca	assamensis assamensis
Macaca	assamensis
Macaca	assamensis pelops Hodgson 1840
Macaca	pelops Hodgson 1840
Macaca	assamensis 
Macaca	cyclopis Swinhoe 1863
Macaca	fascicularis atriceps Kloss 1919
Macaca	atriceps Kloss 1919
Macaca	fascicularis fascicularis
Macaca	fascicularis
Macaca	fascicularis philippensis Geoffroy 1843
Macaca	philippensis Geoffroy 1843
Macaca	fascicularis Raffles 1821
Macaca	fascicularis umbrosus Miller 1902
Macaca	umbrosus Miller 1902
Macaca	fascicularis aureus É. Geoffroy 1831
Macaca	aureus É. Geoffroy 1831
Macaca	fascicularis condorensis Kloss 1926
Macaca	condorensis Kloss 1926
Macaca	fascicularis fuscus Miller 1903
Macaca	fuscus Miller 1903
Macaca	fascicularis karimondjawae Sody 1949
Macaca	karimondjawae Sody 1949
Macaca	fascicularis lasiae Lyon 1916
Macaca	lasiae Lyon 1916
Macaca	fascicularis tua Kellogg 1944
Macaca	tua Kellogg 1944
Macaca	fuscata Blyth 1875
Macaca	fuscata fuscata
Macaca	fuscata
Macaca	fuscata yakui Kuroda 1941
Macaca	yakui Kuroda 1941
Macaca	hecki Matschie 1901
Macaca	leonina Blyth 1863
Macaca	maura Schinz 1825
Macaca	mulatta Zimmermann 1780
Macaca	munzala Madhusudan & Mishra 2005
Macaca	nemestrina Linnaeus 1766
Macaca	nigra Desmarest 1822
Macaca	nigrescens Temminck 1849
Macaca	ochreata ochreata Ogilby 1841
Macaca	ochreata Ogilby 1841
Macaca	ochreata brunnescens Matschie 1901
Macaca	brunnescens Matschie 1901
Macaca	pagensis Miller 1903
Macaca	radiata radiata
Macaca	radiata
Macaca	radiata diluta Pocock 1931
Macaca	diluta Pocock 1931
Macaca	radiata 
Macaca	siberu Fuentes & Olson 1995
Macaca	silenus Linnaeus 1758
Macaca	sinica aurifrons Pocock 1931
Macaca	aurifrons Pocock 1931
Macaca	sinica opisthomelas Osman Hill 1942
Macaca	opisthomelas Osman Hill 1942
Macaca	sinica sinica
Macaca	sinica
Macaca	sinica Linnaeus 1771
Macaca	sylvanus Linnaeus 1758
Macaca	thibetana esau Matschie 1912
Macaca	esau Matschie 1912
Macaca	thibetana guiahouensis Wang & Jiang 1996
Macaca	guiahouensis Wang & Jiang 1996
Macaca	thibetana thibetana
Macaca	thibetana
Macaca	thibetana Milne-Edwards 1870
Macaca	thibetana huangshanensis Jiang & Wang 1996
Macaca	huangshanensis Jiang & Wang 1996
Macaca	tonkeana Meyer 1899
Mandrillus	leucophaeus Cuvier 1807
Mandrillus	leucophaeus leucophaeus
Mandrillus	leucophaeus
Mandrillus	leucophaeus poensis Zukowsky 1922
Mandrillus	poensis Zukowsky 1922
Mandrillus	sphinx Linnaeus 1758
Procolobus	badius waldroni Hayman 1936
Procolobus	waldroni Hayman 1936
Procolobus	badius Kerr 1792
Procolobus	badius badius
Procolobus	badius
Procolobus	badius temminckii Kuhl 1820
Procolobus	temminckii Kuhl 1820
Procolobus	gordonorum Matschie 1900
Procolobus	kirkii Gray 1868
Procolobus	pennantii epieni Grubb & Powell 1999
Procolobus	epieni Grubb & Powell 1999
Procolobus	pennantii Waterhouse 1838
Procolobus	pennantii bouvieri Rochebrune 1887
Procolobus	bouvieri Rochebrune 1887
Procolobus	pennantii pennantii
Procolobus	pennantii
Procolobus	preussi Matschie 1900
Procolobus	rufomitratus oustaleti Trouessart 1906
Procolobus	oustaleti Trouessart 1906
Procolobus	rufomitratus rufomitratus
Procolobus	rufomitratus
Procolobus	rufomitratus tholloni Milne-Edwards 1886
Procolobus	tholloni Milne-Edwards 1886
Procolobus	rufomitratus tephrosceles Elliot 1907
Procolobus	tephrosceles Elliot 1907
Procolobus	rufomitratus Peters 1879
Procolobus	verus Van Beneden 1838
Simias	concolor concolor Miller 1903
Simias	concolor Miller 1903
Simias	concolor siberu Chasen & Kloss 1928
Simias	siberu Chasen & Kloss 1928
Victoriapithecus	macinnesi
Colobus	angolensis ruwenzorii Thomas 1901
Colobus	ruwenzorii Thomas 1901
Colobus	angolensis cordieri Rahm 1959
Colobus	cordieri Rahm 1959
Colobus	angolensis palliates Peters 1868
Colobus	palliates Peters 1868
Colobus	angolensis angolensis
Colobus	angolensis
Colobus	angolensis palliatus Peters 1868
Colobus	palliatus Peters 1868
Colobus	angolensis Sclater 1860
Colobus	angolensis cottoni Lydekker 1905
Colobus	cottoni Lydekker 1905
Colobus	angolensis prigoginei Verheyen 1959
Colobus	prigoginei Verheyen 1959
Colobus	guereza percivali Heller 1913
Colobus	percivali Heller 1913
Colobus	guereza Rüppell 1835
Colobus	guereza caudatus Thomas 1885
Colobus	caudatus Thomas 1885
Colobus	guereza dodingae Matschie 1913
Colobus	dodingae Matschie 1913
Colobus	guereza gallarum Neumann 1902
Colobus	gallarum Neumann 1902
Colobus	guereza guereza
Colobus	guereza
Colobus	guereza kikuyuensis Lönnberg 1912
Colobus	kikuyuensis Lönnberg 1912
Colobus	guereza matschiei Neumann 1899
Colobus	matschiei Neumann 1899
Colobus	guereza occidentalis Rochebrune 1887
Colobus	occidentalis Rochebrune 1887
Colobus	polykomos Zimmermann 1780
Colobus	satanas anthracinus Leconte 1857
Colobus	anthracinus Leconte 1857
Colobus	satanas satanas
Colobus	satanas
Colobus	satanas Waterhouse 1838
Colobus	vellerosus Geoffroy 1834
Dolichopithecus	ruscinensis
Piliocolobus	badius badius
Piliocolobus	badius
Piliocolobus	badius temminckii Kuhl 1820
Piliocolobus	temminckii Kuhl 1820
Piliocolobus	badius Kerr 1792
Piliocolobus	badius waldronae Hayman 1936
Piliocolobus	waldronae Hayman 1936
Piliocolobus	foai oustaleti Trouessart 1906
Piliocolobus	oustaleti Trouessart 1906
Piliocolobus	foai parmentierorum Colyn & Verheyen 1987
Piliocolobus	parmentierorum Colyn & Verheyen 1987
Piliocolobus	foai ellioti Dollman 1909
Piliocolobus	ellioti Dollman 1909
Piliocolobus	foai foai de Pousargues 1899
Piliocolobus	foai de Pousargues 1899
Piliocolobus	foai semlikiensis Colyn 1991
Piliocolobus	semlikiensis Colyn 1991
Piliocolobus	gordonorum Matschie 1900
Piliocolobus	kirkii Gray 1868
Piliocolobus	pennantii epieni Grubb & Powell 1999
Piliocolobus	epieni Grubb & Powell 1999
Piliocolobus	pennantii pennantii
Piliocolobus	pennantii
Piliocolobus	pennantii Waterhouse 1838
Piliocolobus	pennantii bouvieri Rochebrune 1887
Piliocolobus	bouvieri Rochebrune 1887
Piliocolobus	preussi Matschie 1900
Piliocolobus	rufomitratus Peters 1879
Piliocolobus	tephrosceles Elliot 1907
Piliocolobus	tholloni Milne-Edwards 1886
Rhinopithecus	avunculus Dollman 1912
Rhinopithecus	bieti Milne-Edwards 1897
Rhinopithecus	brelichi Thomas 1903
Rhinopithecus	roxellana roxellana
Rhinopithecus	roxellana
Rhinopithecus	roxellana Milne-Edwards 1870
Rhinopithecus	roxellana hubeiensis Wang Jiang & Li 1998
Rhinopithecus	hubeiensis Wang Jiang & Li 1998
Rhinopithecus	roxellana qinlingensis Wang Jiang & Li 1998
Rhinopithecus	qinlingensis Wang Jiang & Li 1998
Trachypithecus	auratus auratus
Trachypithecus	auratus
Trachypithecus	auratus mauritius Griffith 1821
Trachypithecus	mauritius Griffith 1821
Trachypithecus	auratus 
Trachypithecus	barbei Blyth 1847
Trachypithecus	cristatus Raffles 1821
Trachypithecus	cristatus vigilans Miller 1913
Trachypithecus	vigilans Miller 1913
Trachypithecus	cristatus cristatus
Trachypithecus	cristatus
Trachypithecus	delacouri Osgood 1932
Trachypithecus	ebenus Brandon-Jones 1995
Trachypithecus	francoisi Pousargues 1898
Trachypithecus	geei geei
Trachypithecus	geei
Trachypithecus	geei Khajuria 1956
Trachypithecus	geei bhutanensis Wangchuk Inouye & Hare 2003
Trachypithecus	bhutanensis Wangchuk Inouye & Hare 2003
Trachypithecus	germaini Milne-Edwards 1876
Trachypithecus	germaini germaini
Trachypithecus	germaini
Trachypithecus	germaini caudalis Dao 1977
Trachypithecus	caudalis Dao 1977
Trachypithecus	hatinhensis Dao 1970
Trachypithecus	johnii Fischer 1829
Trachypithecus	laotum Thomas 1911
Trachypithecus	obscurus styx Kloss 1911
Trachypithecus	styx Kloss 1911
Trachypithecus	obscurus halonifer Cantor 1845
Trachypithecus	halonifer Cantor 1845
Trachypithecus	obscurus sanctorum Elliot 1910
Trachypithecus	sanctorum Elliot 1910
Trachypithecus	obscurus carbo Thomas & Wroughton 1909
Trachypithecus	carbo Thomas & Wroughton 1909
Trachypithecus	obscurus flavicauda Elliot 1910
Trachypithecus	flavicauda Elliot 1910
Trachypithecus	obscurus seimundi Chasen 1940
Trachypithecus	seimundi Chasen 1940
Trachypithecus	obscurus obscurus
Trachypithecus	obscurus
Trachypithecus	obscurus Reid 1837
Trachypithecus	phayrei Blyth 1847
Trachypithecus	phayrei shanicus Wroughton 1917
Trachypithecus	shanicus Wroughton 1917
Trachypithecus	phayrei phayrei Blyth 1847
Trachypithecus	phayrei crepuscula Elliot 1909
Trachypithecus	crepuscula Elliot 1909
Trachypithecus	pileatus durga Wroughton 1916
Trachypithecus	durga Wroughton 1916
Trachypithecus	pileatus Blyth 1843
Trachypithecus	pileatus brahma Wroughton 1916
Trachypithecus	brahma Wroughton 1916
Trachypithecus	pileatus pileatus Blyth 1843
Trachypithecus	pileatus tenebricus Wroughton 1915
Trachypithecus	tenebricus Wroughton 1915
Trachypithecus	poliocephalus leucocephalus Tan 1955
Trachypithecus	leucocephalus Tan 1955
Trachypithecus	poliocephalus Pousargues 1898
Trachypithecus	poliocephalus poliocephalus
Trachypithecus	poliocephalus
Trachypithecus	shortridgei Wroughton 1915
Trachypithecus	vetulus monticola Kelaart 1850
Trachypithecus	monticola Kelaart 1850
Trachypithecus	vetulus nestor Bennett 1833
Trachypithecus	nestor Bennett 1833
Trachypithecus	vetulus philbricki Phillips 1927
Trachypithecus	philbricki Phillips 1927
Trachypithecus	vetulus vetulus
Trachypithecus	vetulus
Trachypithecus	vetulus Erxleben 1777
Cercopithecus	albogularis phylax Schwarz 1927
Cercopithecus	phylax Schwarz 1927
Cercopithecus	albogularis Sykes 1831
Cercopithecus	albogularis albogularis
Cercopithecus	albogularis
Cercopithecus	albogularis erythrarchus Peters 1852
Cercopithecus	erythrarchus Peters 1852
Cercopithecus	albogularis francescae Thomas 1902
Cercopithecus	francescae Thomas 1902
Cercopithecus	albogularis kibonotensis Lönnberg 1908
Cercopithecus	kibonotensis Lönnberg 1908
Cercopithecus	albogularis kolbi Neumann 1902
Cercopithecus	kolbi Neumann 1902
Cercopithecus	albogularis labiatus Geoffroy 1842
Cercopithecus	labiatus Geoffroy 1842
Cercopithecus	albogularis schwarzi Roberts 1931
Cercopithecus	schwarzi Roberts 1931
Cercopithecus	albogularis moloneyi Sclater 1893
Cercopithecus	moloneyi Sclater 1893
Cercopithecus	albogularis monoides Geoffroy 1841
Cercopithecus	monoides Geoffroy 1841
Cercopithecus	albogularis zammaranoi de Beaux 1924
Cercopithecus	zammaranoi de Beaux 1924
Cercopithecus	albogularis albotorquatus Pousargues 1896
Cercopithecus	albotorquatus Pousargues 1896
Cercopithecus	ascanius atrinasus Machado 1965
Cercopithecus	atrinasus Machado 1965
Cercopithecus	ascanius whitesidei Thomas 1909
Cercopithecus	whitesidei Thomas 1909
Cercopithecus	ascanius ascanius
Cercopithecus	ascanius
Cercopithecus	ascanius katangae Lönnberg 1919
Cercopithecus	katangae Lönnberg 1919
Cercopithecus	ascanius schmidti Matschie 1892
Cercopithecus	schmidti Matschie 1892
Cercopithecus	ascanius Audebert 1799
Cercopithecus	campbelli Waterhouse 1838
Cercopithecus	campbelli campbelli
Cercopithecus	campbelli
Cercopithecus	campbelli lowei Thomas 1923
Cercopithecus	lowei Thomas 1923
Cercopithecus	cephus cephodes Pocock 1907
Cercopithecus	cephodes Pocock 1907
Cercopithecus	cephus Linnaeus 1758
Cercopithecus	cephus ngottoensis Colyn 1999
Cercopithecus	ngottoensis Colyn 1999
Cercopithecus	cephus cephus
Cercopithecus	cephus
Cercopithecus	denti Thomas 1907
Cercopithecus	diana Linnaeus 1758
Cercopithecus	diana roloway Schreber 1774
Cercopithecus	roloway Schreber 1774
Cercopithecus	diana diana Linnaeus 1758
Cercopithecus	doggetti Pocock 1907
Cercopithecus	dryas Schwartz 1932
Cercopithecus	erythrogaster pococki Grubb Lernould & Oates 1999
Cercopithecus	pococki Grubb Lernould & Oates 1999
Cercopithecus	erythrogaster Gray 1866
Cercopithecus	erythrogaster erythrogaster
Cercopithecus	erythrogaster
Cercopithecus	erythrotis camerunensis Hayman 1940
Cercopithecus	camerunensis Hayman 1940
Cercopithecus	erythrotis erythrotis
Cercopithecus	erythrotis
Cercopithecus	erythrotis Waterhouse 1838
Cercopithecus	hamlyni kahuziensis Colyn & Verheyen 1988
Cercopithecus	kahuziensis Colyn & Verheyen 1988
Cercopithecus	hamlyni hamlyni
Cercopithecus	hamlyni
Cercopithecus	hamlyni Pocock 1907
Cercopithecus	kandti Matschie 1905
Cercopithecus	lhoesti Sclater 1899
Cercopithecus	mitis boutourlinii Giglioli 1887
Cercopithecus	boutourlinii Giglioli 1887
Cercopithecus	mitis doggetti Pocock 1907
Cercopithecus	mitis elgonis Lönnberg 1919
Cercopithecus	elgonis Lönnberg 1919
Cercopithecus	mitis zammaronoi De Beaux 1924
Cercopithecus	zammaronoi De Beaux 1924
Cercopithecus	mitis francescae Thomas 1902
Cercopithecus	mitis heymansi Colyn & Verheyen 1987
Cercopithecus	heymansi Colyn & Verheyen 1987
Cercopithecus	mitis moloneyi Sclater 1893
Cercopithecus	mitis monoides
Cercopithecus	monoides
Cercopithecus	mitis opisthostictus Sclater 1894
Cercopithecus	opisthostictus Sclater 1894
Cercopithecus	mitis stuhlmanni Matschie 1893
Cercopithecus	stuhlmanni Matschie 1893
Cercopithecus	mitis albogularis Sykes 1831
Cercopithecus	mitis albotorquatus de Pousargues 1896
Cercopithecus	albotorquatus de Pousargues 1896
Cercopithecus	mitis labiatus Geoffroy 1842
Cercopithecus	mitis schoutedeni Schwarz 1928
Cercopithecus	schoutedeni Schwarz 1928
Cercopithecus	mitis Wolf 1822
Cercopithecus	mitis erythrarchus Peters 1852
Cercopithecus	mitis kandti Matschie 1905
Cercopithecus	mitis kolbi Neumann 1902
Cercopithecus	mitis mitis
Cercopithecus	mitis
Cercopithecus	mona Schreber 1774
Cercopithecus	neglectus Schlegel 1876
Cercopithecus	nictitans Linnaeus 1766
Cercopithecus	nictitans nictitans
Cercopithecus	nictitans
Cercopithecus	nictitans martini Waterhouse 1838
Cercopithecus	martini Waterhouse 1838
Cercopithecus	petaurista Schreber 1774
Cercopithecus	petaurista buettikoferi Jentink 1886
Cercopithecus	buettikoferi Jentink 1886
Cercopithecus	petaurista petaurista
Cercopithecus	petaurista
Cercopithecus	pogonias denti Thomas 1907
Cercopithecus	pogonias elegans Dubois & Matschie 1912
Cercopithecus	elegans Dubois & Matschie 1912
Cercopithecus	pogonias nigripes
Cercopithecus	nigripes
Cercopithecus	pogonias schwarzianus Schouteden 1946
Cercopithecus	schwarzianus Schouteden 1946
Cercopithecus	pogonias Bennett 1833
Cercopithecus	pogonias wolfi Meyer 1891
Cercopithecus	wolfi Meyer 1891
Cercopithecus	pogonias grayi Fraser 1850
Cercopithecus	grayi Fraser 1850
Cercopithecus	pogonias pogonias Bennett 1833
Cercopithecus	preussi insularis Thomas 1910
Cercopithecus	insularis Thomas 1910
Cercopithecus	preussi preussi
Cercopithecus	preussi
Cercopithecus	preussi Matschie 1898
Cercopithecus	sclateri Pocock 1904
Cercopithecus	solatus Harrison 1988
Cercopithecus	wolfi wolfi
Cercopithecus	wolfi
Cercopithecus	wolfi elegans Dubois & Matschie 1912
Erythrocebus	patas Schreber 1775
Mesopithecus	monspessulanus
Mesopithecus	pentelicus
Miopithecus	ogouensis Kingdon 1997
Miopithecus	talapoin Schreber 1774
Nasalis	concolor Miller 1903
Nasalis	larvatus Wurmb 1787
Nasalis	larvatus larvatus
Nasalis	larvatus
Nasalis	larvatus orientalis Chasen 1940
Nasalis	orientalis Chasen 1940
Presbytis	chrysomelas chrysomelas
Presbytis	chrysomelas
Presbytis	chrysomelas Müller 1838
Presbytis	chrysomelas cruciger Thomas 1892
Presbytis	cruciger Thomas 1892
Presbytis	comata comata
Presbytis	comata
Presbytis	comata fredericae Sody 1930
Presbytis	fredericae Sody 1930
Presbytis	comata Desmarest 1822
Presbytis	femoralis femoralis
Presbytis	femoralis
Presbytis	femoralis Martin 1838
Presbytis	femoralis percura Lyon 1908
Presbytis	percura Lyon 1908
Presbytis	femoralis robinsoni Thomas 1910
Presbytis	robinsoni Thomas 1910
Presbytis	frontata Müller 1838
Presbytis	hosei everetti Thomas 1892
Presbytis	everetti Thomas 1892
Presbytis	hosei hosei
Presbytis	hosei
Presbytis	hosei canicrus Miller 1934
Presbytis	canicrus Miller 1934
Presbytis	hosei sabana Thomas 1893
Presbytis	sabana Thomas 1893
Presbytis	hosei Thomas 1889
Presbytis	melalophos bicolor Aimi & Bakar 1992
Presbytis	bicolor Aimi & Bakar 1992
Presbytis	melalophos Raffles 1821
Presbytis	melalophos melalophos Raffles 1821
Presbytis	melalophos mitrata Eschscholtz 1821
Presbytis	mitrata Eschscholtz 1821
Presbytis	melalophos sumatranus Müller & Schlegel 1841
Presbytis	sumatranus Müller & Schlegel 1841
Presbytis	natunae Thomas & Hartert 1894
Presbytis	potenziani potenziani
Presbytis	potenziani
Presbytis	potenziani Bonaparte 1856
Presbytis	potenziani siberu Chasen & Kloss 1927
Presbytis	siberu Chasen & Kloss 1927
Presbytis	rubicunda carimatae Miller 1906
Presbytis	carimatae Miller 1906
Presbytis	rubicunda ignita Dollman 1909
Presbytis	ignita Dollman 1909
Presbytis	rubicunda rubida Lyon 1911
Presbytis	rubida Lyon 1911
Presbytis	rubicunda chrysea Davis 1962
Presbytis	chrysea Davis 1962
Presbytis	rubicunda rubicunda
Presbytis	rubicunda
Presbytis	rubicunda Müller 1838
Presbytis	siamensis rhionis Miller 1903
Presbytis	rhionis Miller 1903
Presbytis	siamensis cana Miller 1906
Presbytis	cana Miller 1906
Presbytis	siamensis siamensis
Presbytis	siamensis
Presbytis	siamensis paenulata Chasen 1940
Presbytis	paenulata Chasen 1940
Presbytis	siamensis Müller & Schlegel 1841
Presbytis	thomasi Collett 1893
Prohylobates	tandyi
Pygathrix	avunculus Dollman 1912
Pygathrix	bieti Milne-Edwards 1897
Pygathrix	brelichi Thomas 1903
Pygathrix	cinerea Nadler 1997
Pygathrix	nemaeus Linnaeus 1771
Pygathrix	nigripes Milne-Edwards 1871
Pygathrix	roxellana Milne-Edwards 1870
Allenopithecus	nigroviridis Pocock 1907
Cercocebus	agilis Milne-Edwards 1886
Cercocebus	atys Audebert 1797
Cercocebus	atys atys
Cercocebus	atys
Cercocebus	atys lunulatus Temminick 1853
Cercocebus	lunulatus Temminick 1853
Cercocebus	chrysogaster Lydekker 1900
Cercocebus	galeritus Peters 1879
Cercocebus	sanjei Mittermeier 1986
Cercocebus	torquatus Kerr 1792
Chlorocebus	aethiops Linnaeus 1758
Chlorocebus	cynosuros Scopoli 1786
Chlorocebus	djamdjamensis Neumann 1902
Chlorocebus	lhoesti
Chlorocebus	patas
Chlorocebus	pygerythrus hilgerti Neumann 1902
Chlorocebus	hilgerti Neumann 1902
Chlorocebus	pygerythrus nifoviridis Geoffroy 1843
Chlorocebus	nifoviridis Geoffroy 1843
Chlorocebus	pygerythrus Cuvier 1821
Chlorocebus	pygerythrus excubutor Schwarz 1926
Chlorocebus	excubutor Schwarz 1926
Chlorocebus	pygerythrus nesiotes Schwarz 1926
Chlorocebus	nesiotes Schwarz 1926
Chlorocebus	pygerythrus pygerythrus Cuvier 1821
Chlorocebus	sabaeus Linnaeus 1766
Chlorocebus	solatus
Chlorocebus	tantalus Ogilby 1841
Chlorocebus	tantalus budgetti Pocock 1907
Chlorocebus	budgetti Pocock 1907
Chlorocebus	tantalus marrensis Thomas & Hinton 1923
Chlorocebus	marrensis Thomas & Hinton 1923
Chlorocebus	tantalus tantalus
Chlorocebus	tantalus
Lophocebus	albigena albigena
Lophocebus	albigena
Lophocebus	albigena osmani Groves 1978
Lophocebus	osmani Groves 1978
Lophocebus	albigena johnstoni Lydekker 1900
Lophocebus	johnstoni Lydekker 1900
Lophocebus	albigena Gray 1850
Lophocebus	aterrimus opdenboschi Schouteden 1944
Lophocebus	opdenboschi Schouteden 1944
Lophocebus	aterrimus Oudemans 1890
Lophocebus	aterrimus aterrimus Oudemans 1890
Lophocebus	kipunji Jones et al. 2005
Lophocebus	opdenboschi Scouteden 1944
Papio	anubis Lesson 1827
Papio	cynocephalus Linnaeus 1766
Papio	cynocephalus cynocephalus
Papio	cynocephalus
Papio	cynocephalus ibeanus Thomas 1893
Papio	ibeanus Thomas 1893
Papio	cynocephalus kindae Lönnberg 1919
Papio	kindae Lönnberg 1919
Papio	hamadryas Linnaeus 1758
Papio	papio Desmarest 1820
Papio	ursinus griseipes Pocock 1911
Papio	griseipes Pocock 1911
Papio	ursinus ursinus
Papio	ursinus
Papio	ursinus Kerr 1792
Papio	ursinus ruacana Shortridge 1942
Papio	ruacana Shortridge 1942
Rungwecebus	kipunji Ehardt Butynski Jones & Davenport 2005
Semnopithecus	ajax Pocock 1928
Semnopithecus	dussumieri Geoffroy 1843
Semnopithecus	entellus Dufresne 1797
Semnopithecus	hector Pocock 1928
Semnopithecus	hypoleucos Blyth 1841
Semnopithecus	priam priam Blyth 1844
Semnopithecus	priam Blyth 1844
Semnopithecus	priam thersites Blyth 1847
Semnopithecus	thersites Blyth 1847
Semnopithecus	schistaceus Hodgson 1840
Theropithecus	gelada gelada
Theropithecus	gelada
Theropithecus	gelada Rüppell 1835
Theropithecus	gelada obscurus Heuglin 1863
Theropithecus	obscurus Heuglin 1863
Theropithecus	oswaldi